<?xml version="1.0" encoding="UTF-8"?>
<project-private xmlns="http://www.netbeans.org/ns/project-private/1">
    <editor-bookmarks xmlns="http://www.netbeans.org/ns/editor-bookmarks/2" lastBookmarkId="0"/>
    <open-files xmlns="http://www.netbeans.org/ns/projectui-open-files/2">
        <group>
            <file>file:/Users/fidel/Desktop/1718_P2SI/src/pkg1718_p2si/Imagen.java</file>
            <file>file:/Users/fidel/Desktop/1718_P2SI/src/pkg1718_p2si/MostrarImagen.java</file>
            <file>file:/Users/fidel/Desktop/1718_P2SI/src/pkg1718_p2si/Main.java</file>
            <file>file:/Users/fidel/Desktop/1718_P2SI/src/pkg1718_p2si/MNISTLoader.java</file>
        </group>
    </open-files>
</project-private>
